file,upstream_ns_per_pixel,fork_ns_per_pixel,speedup
upstream/tests/pngsuite/primary/basn0g01.png,1.7809,1.876,0.9493070362473348
corpus/hdr_range.hdr,33.2878,34.1332,0.9752323251262699
corpus/plasma_512.psd,1.466,1.4589,1.0048666803756254
upstream/tests/pngsuite/16bit/basn6a16.png,21.5048,21.2983,1.0096956095087402
upstream/tests/pngsuite/16bit/basn0g16.png,1.8597,1.8146,1.0248539623057422
corpus/plasma_512.png,11.9877,11.6656,1.0276110958716227
upstream/tests/pngsuite/primary/basn3p08.png,4.3512,4.1623,1.0453835619729477
corpus/plasma_512_pal.png,3.4062,3.2386,1.0517507564997222
upstream/tests/pngsuite/16bit/basi6a16.png,23.4299,22.0629,1.0619592166034384
corpus/plasma_512_q85_p0_s2.jpg,3.8179,3.4903,1.0938601266366788
corpus/grad_640_480_q85_p0_s2.jpg,2.3884,2.1778,1.096703094866379
corpus/plasma_512_q10_p0_s2.jpg,2.7387,2.4156,1.1337555886736215
corpus/plasma_512_q85_p1_s0.jpg,12.512,10.8091,1.1575431812084263
corpus/anim.gif,5.2643,4.3645,1.2061633635009739
GEOMEAN,,,1.0577068512992838
